[{"studentId":2,"surahId":3,"surahName":"Aal-e-Imran","fromAya":9,"toAya":87,"type":"Memorization","dueDate":"","taskId":2},{"taskId":3,"studentId":3,"surahId":4,"surahName":"An-Nisa","fromAya":10,"toAya":14,"type":"Memorization","dueDate":"2016-04-1","completedDate":"2016-04-2","masteryLevel":"Poor","comment":"Poor work"},{"studentId":4,"surahId":5,"surahName":"Al-Maeda","fromAya":11,"toAya":15,"type":"Memorization","dueDate":"","taskId":4},{"taskId":6,"studentId":6,"surahId":7,"surahName":"Al-Araf","fromAya":13,"toAya":17,"type":"Revision","dueDate":"2016-04-1","completedDate":"2016-04-2","masteryLevel":"Poor","comment":"Poor work"},{"taskId":8,"studentId":2,"surahId":3,"surahName":"Aal-e-Imran","fromAya":14,"toAya":18,"type":"Revision","dueDate":"2016-04-3"},{"taskId":10,"studentId":4,"surahId":5,"surahName":"Al-Maeda","fromAya":16,"toAya":20,"type":"Revision","dueDate":"2016-04-3"},{"studentId":5,"surahId":6,"surahName":"Al-Anaam","fromAya":22,"toAya":51,"type":"Memorization","dueDate":"2016-05-03","taskId":11},{"taskId":12,"studentId":6,"surahId":7,"surahName":"Al-Araf","fromAya":18,"toAya":22,"type":"Revision","dueDate":"2016-04-3"},{"taskId":13,"studentId":2,"surahId":3,"surahName":"Aal-e-Imran","fromAya":9,"toAya":13,"type":"Revision","dueDate":"2016-04-1","completedDate":"2016-04-2","masteryLevel":"Ok","comment":"Ok work"},{"studentId":1,"surahId":null,"surahName":"","fromAya":1,"toAya":1,"type":"Memorization","dueDate":"2016-04-25","taskId":14},{"studentId":1,"surahId":2,"surahName":"Al-Baqara","fromAya":104,"toAya":225,"type":"Revision","dueDate":"2016-04-28","taskId":15},{"studentId":3,"surahId":1,"surahName":"الفاتحة","fromAya":1,"toAya":5,"type":"Memorization","dueDate":"2016-04-28","taskId":16},{"studentId":1,"surahId":1,"surahName":"Al-Fatiha","fromAya":2,"toAya":7,"type":"Memorization","dueDate":"2016-04-30","taskId":17},{"studentId":3,"surahId":4,"surahName":"An-Nisa","fromAya":1,"toAya":129,"type":"Memorization","dueDate":"2016-05-01","taskId":18},{"studentId":1,"surahId":2,"surahName":"Al-Baqara","fromAya":176,"toAya":211,"type":"Memorization","dueDate":"2016-05-27","taskId":19}]