[{"subject":"Event","content":"we have a big event today, I would like to invite you all !","url":"C:\\fakepath\\qatar.jpg"},{"subject":"Quran","content":"Hi all, please make sure that your kid bring the holy quran with them everyday...","url":""},{"subject":"Welcome to the new season of Halaqa","content":"Welcome all...","url":""},{"subject":"Today event.","content":"                            don't miss todays event!!","url":"C:\\fakepath\\qatar.jpg"},{"subject":"Memorization.","content":"          Please be informed that tomorrow is the final memorization for all the kids.                  ","url":""},{"subject":"important!","content":"              Here is an important annoucement to all parents!              ","url":"C:\\fakepath\\announcement.jpg"}]