[{"studentId":1,"subject":"important message!","messageContent":"do not miss todays halaqa event!","url":"C:\\fakepath\\qatar.jpg"},{"studentId":1,"subject":"Hi","messageContent":"welcome to halaqa metrash!","url":""},{"studentId":2,"subject":"today's task","messageContent":"this email is about child preformance","url":""},{"studentId":4,"subject":"important!","messageContent":"this email is about child preformance","url":"C:\\fakepath\\qatar.jpg"},{"studentId":6,"subject":" no subject","messageContent":"good performance","url":"C:\\fakepath\\qatar.jpg"},{"studentId":"2","subject":"important!","messageContent":"        tomorrow is your final exam!                    ","url":""},{"studentId":"1","subject":"Test","messageContent":"Test                            ","url":"C:\\fakepath\\qatar.jpg"}]