[{"qatariId":12,"firstName":"Juha","lastName":"Dahak","mobile":"7777-888","email":"juha@test.com","username":"juha","password":"password","students":[{"firstName":"Ibn Juha","lastName":"Dahak","dob":"1/1/2009","gender":"M","schoolGrade":4,"studentId":1},{"firstName":"Bint Juha","lastName":"Dahak","dob":"1/5/2011","gender":"F","schoolGrade":2,"studentId":2}]},{"qatariId":34,"firstName":"Abbas","lastName":"Ibn Firnas","mobile":"9999-888","email":"abbas@test.com","username":"abbas","password":"password","students":[{"firstName":"Ibn Abbas","lastName":"Ibn Firnas","dob":"1/2/2008","gender":"M","schoolGrade":5,"studentId":3},{"firstName":"Bint Abbas","lastName":"Ibn Firnas","dob":"1/3/2012","gender":"F","schoolGrade":2,"studentId":4}]},{"qatariId":56,"firstName":"Samira","lastName":"Saghir","mobile":"9999-888","email":"samira@test.com","username":"samira","password":"password","students":[{"firstName":"Ibn Samira","lastName":"Saghir","dob":"1/2/2007","gender":"M","schoolGrade":6,"studentId":5},{"firstName":"Bint Samira","lastName":"Saghir","dob":"1/3/2010","gender":"F","schoolGrade":3,"studentId":6}]},{"firstname":"test","lastname":"Test","mobile":"993939","email":"tesst","username":"coordinator","password":"password","students":[{"firstName":"Test","lastName":"Test","dob":"2016-05-27","gender":"M","schoolGrade":"2","studentId":null}]}]