[
{
  "id": 1,
  "name": "الفاتحة",
  "englishName": "Al-Fatiha",
  "ayaCount": 7,
  "type": "Meccan"
},
{
"id": 2,
"name": "البقرة",
"englishName": "Al-Baqara",
"ayaCount": 286,
"type": "Medinan"
},
{
"id": 3,
"name": "آل-عمران",
"englishName": "Aal-e-Imran",
"ayaCount": 200,
"type": "Medinan"
},
{
"id": 4,
"name": "النساء",
"englishName": "An-Nisa",
"ayaCount": 176,
"type": "Medinan"
},
{
"id": 5,
"name": "Ø§Ù„Ù…Ø§Ø¦Ø¯Ø©",
"englishName": "Al-Maeda",
"ayaCount": 120,
"type": "Medinan"
},
{
"id": 6,
"name": "Ø§Ù„Ø£Ù†Ø¹Ø§Ù…",
"englishName": "Al-Anaam",
"ayaCount": 165,
"type": "Meccan"
},
{
"id": 7,
"name": "Ø§Ù„Ø£Ø¹Ø±Ø§Ù",
"englishName": "Al-Araf",
"ayaCount": 206,
"type": "Meccan"
},
{
"id": 8,
"name": "Ø§Ù„Ø£Ù†ÙØ§Ù„",
"englishName": "Al-Anfal",
"ayaCount": 75,
"type": "Medinan"
},
{
"id": 9,
"name": "Ø§Ù„ØªÙˆØ¨Ø©",
"englishName": "At-Taubah",
"ayaCount": 129,
"type": "Medinan"
},
{
"id": 10,
"name": "ÙŠÙˆÙ†Ø³",
"englishName": "Yunus",
"ayaCount": 109,
"type": "Meccan"
},
{
"id": 11,
"name": "Ù‡ÙˆØ¯",
"englishName": "Hud",
"ayaCount": 123,
"type": "Meccan"
},
{
"id": 12,
"name": "ÙŠÙˆØ³Ù",
"englishName": "Yusuf",
"ayaCount": 111,
"type": "Meccan"
},
{
"id": 13,
"name": "Ø§Ù„Ø±Ø¹Ø¯",
"englishName": "Ar-Rad",
"ayaCount": 43,
"type": "Medinan"
},
{
"id": 14,
"name": "Ø¥Ø¨Ø±Ø§Ù‡ÙŠÙ…",
"englishName": "Ibrahim",
"ayaCount": 52,
"type": "Meccan"
},
{
"id": 15,
"name": "Ø§Ù„Ø­Ø¬Ø±",
"englishName": "Al-Hijr",
"ayaCount": 99,
"type": "Meccan"
},
{
"id": 16,
"name": "Ø§Ù„Ù†Ø­Ù„",
"englishName": "An-Nahl",
"ayaCount": 128,
"type": "Meccan"
},
{
"id": 17,
"name": "Ø§Ù„Ø¥Ø³Ø±Ø§Ø¡",
"englishName": "Al-Isra",
"ayaCount": 111,
"type": "Meccan"
},
{
"id": 18,
"name": "Ø§Ù„ÙƒÙ‡Ù",
"englishName": "Al-Kahf",
"ayaCount": 110,
"type": "Meccan"
},
{
"id": 19,
"name": "Ù…Ø±ÙŠÙ…",
"englishName": "Maryam",
"ayaCount": 98,
"type": "Meccan"
},
{
"id": 20,
"name": "Ø·Ù‡",
"englishName": "Taha",
"ayaCount": 135,
"type": "Meccan"
},
{
"id": 21,
"name": "Ø§Ù„Ø£Ù†Ø¨ÙŠØ§Ø¡",
"englishName": "Al-Anbiya",
"ayaCount": 112,
"type": "Meccan"
},
{
"id": 22,
"name": "Ø§Ù„Ø­Ø¬",
"englishName": "Al-Hajj",
"ayaCount": 78,
"type": "Medinan"
},
{
"id": 23,
"name": "Ø§Ù„Ù…Ø¤Ù…Ù†ÙˆÙ†",
"englishName": "Al-Mumenoon",
"ayaCount": 118,
"type": "Meccan"
},
{
"id": 24,
"name": "Ø§Ù„Ù†ÙˆØ±",
"englishName": "An-Noor",
"ayaCount": 64,
"type": "Medinan"
},
{
"id": 25,
"name": "Ø§Ù„ÙØ±Ù‚Ø§Ù†",
"englishName": "Al-Furqan",
"ayaCount": 77,
"type": "Meccan"
},
{
"id": 26,
"name": "Ø§Ù„Ø´Ø¹Ø±Ø§Ø¡",
"englishName": "Ash-Shuara",
"ayaCount": 227,
"type": "Meccan"
},
{
"id": 27,
"name": "Ø§Ù„Ù†Ù…Ù„",
"englishName": "An-Naml",
"ayaCount": 93,
"type": "Meccan"
},
{
"id": 28,
"name": "Ø§Ù„Ù‚ØµØµ",
"englishName": "Al-Qasas",
"ayaCount": 88,
"type": "Meccan"
},
{
"id": 29,
"name": "Ø§Ù„Ø¹Ù†ÙƒØ¨ÙˆØª",
"englishName": "Al-Ankaboot",
"ayaCount": 69,
"type": "Meccan"
},
{
"id": 30,
"name": "Ø§Ù„Ø±ÙˆÙ…",
"englishName": "Ar-Room",
"ayaCount": 60,
"type": "Meccan"
},
{
"id": 31,
"name": "Ù„Ù‚Ù…Ø§Ù†",
"englishName": "Luqman",
"ayaCount": 34,
"type": "Meccan"
},
{
"id": 32,
"name": "Ø§Ù„Ø³Ø¬Ø¯Ø©",
"englishName": "As-Sajda",
"ayaCount": 30,
"type": "Meccan"
},
{
"id": 33,
"name": "Ø§Ù„Ø£Ø­Ø²Ø§Ø¨",
"englishName": "Al-Ahzab",
"ayaCount": 73,
"type": "Medinan"
},
{
"id": 34,
"name": "Ø³Ø¨Ø£",
"englishName": "Saba",
"ayaCount": 54,
"type": "Meccan"
},
{
"id": 35,
"name": "ÙØ§Ø·Ø±",
"englishName": "Fatir",
"ayaCount": 45,
"type": "Meccan"
},
{
"id": 36,
"name": "ÙŠØ³",
"englishName": "Ya Seen",
"ayaCount": 83,
"type": "Meccan"
},
{
"id": 37,
"name": "Ø§Ù„ØµØ§ÙØ§Øª",
"englishName": "As-Saaffat",
"ayaCount": 182,
"type": "Meccan"
},
{
"id": 38,
"name": "Øµ",
"englishName": "Sad",
"ayaCount": 88,
"type": "Meccan"
},
{
"id": 39,
"name": "Ø§Ù„Ø²Ù…Ø±",
"englishName": "Az-Zumar",
"ayaCount": 75,
"type": "Meccan"
},
{
"id": 40,
"name": "ØºØ§ÙØ±",
"englishName": "Ghafir",
"ayaCount": 85,
"type": "Meccan"
},
{
"id": 41,
"name": "ÙØµÙ„Øª",
"englishName": "Fussilat",
"ayaCount": 54,
"type": "Meccan"
},
{
"id": 42,
"name": "Ø§Ù„Ø´ÙˆØ±Ù‰",
"englishName": "Ash-Shura",
"ayaCount": 53,
"type": "Meccan"
},
{
"id": 43,
"name": "Ø§Ù„Ø²Ø®Ø±Ù",
"englishName": "Az-Zukhruf",
"ayaCount": 89,
"type": "Meccan"
},
{
"id": 44,
"name": "Ø§Ù„Ø¯Ø®Ø§Ù†",
"englishName": "Ad-Dukhan",
"ayaCount": 59,
"type": "Meccan"
},
{
"id": 45,
"name": "Ø§Ù„Ø¬Ø§Ø«ÙŠØ©",
"englishName": "Al-Jathiya",
"ayaCount": 37,
"type": "Meccan"
},
{
"id": 46,
"name": "Ø§Ù„Ø£Ø­Ù‚Ø§Ù",
"englishName": "Al-Ahqaf",
"ayaCount": 35,
"type": "Meccan"
},
{
"id": 47,
"name": "Ù…Ø­Ù…Ø¯",
"englishName": "Muhammad",
"ayaCount": 38,
"type": "Medinan"
},
{
"id": 48,
"name": "Ø§Ù„ÙØªØ­",
"englishName": "Al-Fath",
"ayaCount": 29,
"type": "Medinan"
},
{
"id": 49,
"name": "Ø§Ù„Ø­Ø¬Ø±Ø§Øª",
"englishName": "Al-Hujraat",
"ayaCount": 18,
"type": "Medinan"
},
{
"id": 50,
"name": "Ù‚",
"englishName": "Qaf",
"ayaCount": 45,
"type": "Meccan"
},
{
"id": 51,
"name": "Ø§Ù„Ø°Ø§Ø±ÙŠØ§Øª",
"englishName": "Adh-Dhariyat",
"ayaCount": 60,
"type": "Meccan"
},
{
"id": 52,
"name": "Ø§Ù„Ø·ÙˆØ±",
"englishName": "At-tur",
"ayaCount": 49,
"type": "Meccan"
},
{
"id": 53,
"name": "Ø§Ù„Ù†Ø¬Ù…",
"englishName": "An-Najm",
"ayaCount": 62,
"type": "Meccan"
},
{
"id": 54,
"name": "Ø§Ù„Ù‚Ù…Ø±",
"englishName": "Al-Qamar",
"ayaCount": 55,
"type": "Meccan"
},
{
"id": 55,
"name": "Ø§Ù„Ø±Ø­Ù…Ù†",
"englishName": "Al-Rahman",
"ayaCount": 78,
"type": "Medinan"
},
{
"id": 56,
"name": "Ø§Ù„ÙˆØ§Ù‚Ø¹Ø©",
"englishName": "Al-Waqia",
"ayaCount": 96,
"type": "Meccan"
},
{
"id": 57,
"name": "Ø§Ù„Ø­Ø¯ÙŠØ¯",
"englishName": "Al-Hadid",
"ayaCount": 29,
"type": "Medinan"
},
{
"id": 58,
"name": "Ø§Ù„Ù…Ø¬Ø§Ø¯Ù„Ø©",
"englishName": "Al-Mujadila",
"ayaCount": 22,
"type": "Medinan"
},
{
"id": 59,
"name": "Ø§Ù„Ø­Ø´Ø±",
"englishName": "Al-Hashr",
"ayaCount": 24,
"type": "Medinan"
},
{
"id": 60,
"name": "Ø§Ù„Ù…Ù…ØªØ­Ù†Ø©",
"englishName": "Al-Mumtahina",
"ayaCount": 13,
"type": "Medinan"
},
{
"id": 61,
"name": "Ø§Ù„ØµÙ",
"englishName": "As-Saff",
"ayaCount": 14,
"type": "Medinan"
},
{
"id": 62,
"name": "Ø§Ù„Ø¬Ù…Ø¹Ø©",
"englishName": "Al-Jumua",
"ayaCount": 11,
"type": "Medinan"
},
{
"id": 63,
"name": "Ø§Ù„Ù…Ù†Ø§ÙÙ‚ÙˆÙ†",
"englishName": "Al-Munafiqoon",
"ayaCount": 11,
"type": "Medinan"
},
{
"id": 64,
"name": "Ø§Ù„ØªØºØ§Ø¨Ù†",
"englishName": "At-Taghabun",
"ayaCount": 18,
"type": "Medinan"
},
{
"id": 65,
"name": "Ø§Ù„Ø·Ù„Ø§Ù‚",
"englishName": "At-Talaq",
"ayaCount": 12,
"type": "Medinan"
},
{
"id": 66,
"name": "Ø§Ù„ØªØ­Ø±ÙŠÙ…",
"englishName": "At-Tahrim",
"ayaCount": 12,
"type": "Medinan"
},
{
"id": 67,
"name": "Ø§Ù„Ù…Ù„Ùƒ",
"englishName": "Al-Mulk",
"ayaCount": 30,
"type": "Meccan"
},
{
"id": 68,
"name": "Ø§Ù„Ù‚Ù„Ù…",
"englishName": "Al-Qalam",
"ayaCount": 52,
"type": "Meccan"
},
{
"id": 69,
"name": "Ø§Ù„Ø­Ø§Ù‚Ø©",
"englishName": "Al-Haaqqa",
"ayaCount": 52,
"type": "Meccan"
},
{
"id": 70,
"name": "Ø§Ù„Ù…Ø¹Ø§Ø±Ø¬",
"englishName": "Al-Maarij",
"ayaCount": 44,
"type": "Meccan"
},
{
"id": 71,
"name": "Ù†ÙˆØ­",
"englishName": "Nooh",
"ayaCount": 28,
"type": "Meccan"
},
{
"id": 72,
"name": "Ø§Ù„Ø¬Ù†",
"englishName": "Al-Jinn",
"ayaCount": 28,
"type": "Meccan"
},
{
"id": 73,
"name": "Ø§Ù„Ù…Ø²Ù…Ù„",
"englishName": "Al-Muzzammil",
"ayaCount": 20,
"type": "Meccan"
},
{
"id": 74,
"name": "Ø§Ù„Ù…Ø¯Ø«Ø±",
"englishName": "Al-Muddathir",
"ayaCount": 56,
"type": "Meccan"
},
{
"id": 75,
"name": "Ø§Ù„Ù‚ÙŠØ§Ù…Ø©",
"englishName": "Al-Qiyama",
"ayaCount": 40,
"type": "Meccan"
},
{
"id": 76,
"name": "Ø§Ù„Ø¥Ù†Ø³Ø§Ù†",
"englishName": "Al-Insan",
"ayaCount": 31,
"type": "Medinan"
},
{
"id": 77,
"name": "Ø§Ù„Ù…Ø±Ø³Ù„Ø§Øª",
"englishName": "Al-Mursalat",
"ayaCount": 50,
"type": "Meccan"
},
{
"id": 78,
"name": "Ø§Ù„Ù†Ø¨Ø£",
"englishName": "An-Naba",
"ayaCount": 40,
"type": "Meccan"
},
{
"id": 79,
"name": "Ø§Ù„Ù†Ø§Ø²Ø¹Ø§Øª",
"englishName": "An-Naziat",
"ayaCount": 46,
"type": "Meccan"
},
{
"id": 80,
"name": "Ø¹Ø¨Ø³",
"englishName": "Abasa",
"ayaCount": 42,
"type": "Meccan"
},
{
"id": 81,
"name": "Ø§Ù„ØªÙƒÙˆÙŠØ±",
"englishName": "At-Takwir",
"ayaCount": 29,
"type": "Meccan"
},
{
"id": 82,
"name": "Ø§Ù„Ø¥Ù†ÙØ·Ø§Ø±",
"englishName": "AL-Infitar",
"ayaCount": 19,
"type": "Meccan"
},
{
"id": 83,
"name": "Ø§Ù„Ù…Ø·ÙÙÙŠÙ†",
"englishName": "Al-Mutaffifin",
"ayaCount": 36,
"type": "Meccan"
},
{
"id": 84,
"name": "Ø§Ù„Ø§Ù†Ø´Ù‚Ø§Ù‚",
"englishName": "Al-Inshiqaq",
"ayaCount": 25,
"type": "Meccan"
},
{
"id": 85,
"name": "Ø§Ù„Ø¨Ø±ÙˆØ¬",
"englishName": "Al-Burooj",
"ayaCount": 22,
"type": "Meccan"
},
{
"id": 86,
"name": "Ø§Ù„Ø·Ø§Ø±Ù‚",
"englishName": "At-Tariq",
"ayaCount": 17,
"type": "Meccan"
},
{
"id": 87,
"name": "Ø§Ù„Ø£Ø¹Ù„Ù‰",
"englishName": "Al-Ala",
"ayaCount": 19,
"type": "Meccan"
},
{
"id": 88,
"name": "Ø§Ù„ØºØ§Ø´ÙŠØ©",
"englishName": "Al-Ghashiya",
"ayaCount": 26,
"type": "Meccan"
},
{
"id": 89,
"name": "Ø§Ù„ÙØ¬Ø±",
"englishName": "Al-Fajr",
"ayaCount": 30,
"type": "Meccan"
},
{
"id": 90,
"name": "Ø§Ù„Ø¨Ù„Ø¯",
"englishName": "Al-Balad",
"ayaCount": 20,
"type": "Meccan"
},
{
"id": 91,
"name": "Ø§Ù„Ø´Ù…Ø³",
"englishName": "Ash-Shams",
"ayaCount": 15,
"type": "Meccan"
},
{
"id": 92,
"name": "Ø§Ù„Ù„ÙŠÙ„",
"englishName": "Al-Lail",
"ayaCount": 21,
"type": "Meccan"
},
{
"id": 93,
"name": "Ø§Ù„Ø¶Ø­Ù‰",
"englishName": "Ad-Dhuha",
"ayaCount": 11,
"type": "Meccan"
},
{
"id": 94,
"name": "Ø§Ù„Ø´Ø±Ø­",
"englishName": "Al-Inshirah",
"ayaCount": 8,
"type": "Meccan"
},
{
"id": 95,
"name": "Ø§Ù„ØªÙŠÙ†",
"englishName": "At-Tin",
"ayaCount": 8,
"type": "Meccan"
},
{
"id": 96,
"name": "Ø§Ù„Ø¹Ù„Ù‚",
"englishName": "Al-Alaq",
"ayaCount": 19,
"type": "Meccan"
},
{
"id": 97,
"name": "Ø§Ù„Ù‚Ø¯Ø±",
"englishName": "Al-Qadr",
"ayaCount": 5,
"type": "Meccan"
},
{
"id": 98,
"name": "Ø§Ù„Ø¨ÙŠÙ†Ø©",
"englishName": "Al-Bayyina",
"ayaCount": 8,
"type": "Medinan"
},
{
"id": 99,
"name": "Ø§Ù„Ø²Ù„Ø²Ù„Ø©",
"englishName": "Al-Zalzala",
"ayaCount": 8,
"type": "Medinan"
},
{
"id": 100,
"name": "Ø§Ù„Ø¹Ø§Ø¯ÙŠØ§Øª",
"englishName": "Al-Adiyat",
"ayaCount": 11,
"type": "Meccan"
},
{
"id": 101,
"name": "Ø§Ù„Ù‚Ø§Ø±Ø¹Ø©",
"englishName": "Al-Qaria",
"ayaCount": 11,
"type": "Meccan"
},
{
"id": 102,
"name": "Ø§Ù„ØªÙƒØ§Ø«Ø±",
"englishName": "At-Takathur",
"ayaCount": 8,
"type": "Meccan"
},
{
"id": 103,
"name": "Ø§Ù„Ø¹ØµØ±",
"englishName": "Al-Asr",
"ayaCount": 3,
"type": "Meccan"
},
{
"id": 104,
"name": "Ø§Ù„Ù‡Ù…Ø²Ø©",
"englishName": "Al-Humaza",
"ayaCount": 9,
"type": "Meccan"
},
{
"id": 105,
"name": "Ø§Ù„ÙÙŠÙ„",
"englishName": "Al-fil",
"ayaCount": 5,
"type": "Meccan"
},
{
"id": 106,
"name": "Ù‚Ø±ÙŠØ´",
"englishName": "Quraish",
"ayaCount": 4,
"type": "Meccan"
},
{
"id": 107,
"name": "Ø§Ù„Ù…Ø§Ø¹ÙˆÙ†",
"englishName": "Al-Maun",
"ayaCount": 7,
"type": "Meccan"
},
{
"id": 108,
"name": "Ø§Ù„ÙƒÙˆØ«Ø±",
"englishName": "Al-Kauther",
"ayaCount": 3,
"type": "Meccan"
},
{
"id": 109,
"name": "Ø§Ù„ÙƒØ§ÙØ±ÙˆÙ†",
"englishName": "Al-Kafiroon",
"ayaCount": 6,
"type": "Meccan"
},
{
"id": 110,
"name": "Ø§Ù„Ù†ØµØ±",
"englishName": "An-Nasr",
"ayaCount": 3,
"type": "Medinan"
},
{
"id": 111,
"name": "Ø§Ù„Ù…Ø³Ø¯",
"englishName": "Al-Masadd",
"ayaCount": 5,
"type": "Meccan"
},
{
"id": 112,
"name": "Ø§Ù„Ø¥Ø®Ù„Ø§Øµ",
"englishName": "Al-Ikhlas",
"ayaCount": 4,
"type": "Meccan"
},
{
"id": 113,
"name": "Ø§Ù„ÙÙ„Ù‚",
"englishName": "Al-Falaq",
"ayaCount": 5,
"type": "Meccan"
},
{
"id": 114,
"name": "Ø§Ù„Ù†Ø§Ø³",
"englishName": "An-Nas",
"ayaCount": 6,
"type": "Meccan"
}
]