[
  {
    "announcementId": 1,
    "announcementDate": "22/01/16",
    "event": "",
    "body": "",
    "image": ""
  },
  {
    "announcementId": 2,
    "announcementDate": "22/01/16",
    "event": "",
    "body": "",
    "image": ""
  },
  {
    "announcementDate": "22/01/16",
    "event": "holiday",
    "body": "test",
    "image": "nn.jpg",
    "announcementId": 3
  },
  {
    "announcementDate": "22/01/16",
    "event": "holiday",
    "body": "hhd",
    "image": "nn.jpg",
    "announcementId": 4
  },
  {
    "event": "Holiday",
    "body": "Spring holiday     ",
    "announcementDate": "04/28/2016",
    "image": "",
    "announcementId": 5
  },
  {
    "event": "holiday",
    "body": "sport day holiday              ",
    "announcementDate": "04/30/2016",
    "image": "Capture.PNG",
    "announcementId": 6
  },
  {
    "event": "holiday",
    "body": "test",
    "announcementDate": "04/30/2016",
    "announcementId": 7
  },
  {
    "announcementDate": "30/04/2016",
    "event": "holiday",
    "body": "test2",
    "image": "test.jpg",
    "announcementId": 8
  },
  {
    "event": "Compition",
    "body": "test 33",
    "announcementDate": "04/30/2016",
    "image": "Capture.PNG",
    "announcementId": 9
  },
  {
    "event": "Test",
    "body": "Test                    ",
    "announcementDate": "05/23/2016",
    "image": "C:\\fakepath\\config-files.png",
    "announcementId": 10
  }
]