[{"messageId":1,"messageDate":"22/01/16","studentId":1,"body":"","attachment":""},{"messageId":2,"messageDate":"22/01/16","studentId":2,"body":"","attachment":""},{"messageDate":"22/01/16","studentId":2,"body":"Salaaaaam","attachment":"","messageId":3},{"studentId":1,"messageDate":"04/27/2016","body":"hellooooo            ","attachment":"","messageId":4},{"studentId":2,"messageDate":"04/27/2016","body":"go to hooome            ","attachment":"","messageId":5},{"studentId":1,"messageDate":"04/28/2016","body":"hello from the             ","attachment":"","messageId":6},{"studentId":1,"messageDate":"04/28/2016","body":"hello from the outside            ","attachment":"","messageId":7},{"studentId":1,"messageDate":"04/29/2016","body":"hello from the outside            ","attachment":"","messageId":8},{"studentId":5,"messageDate":"04/30/2016","body":"fgfg            ","attachment":"","messageId":9},{"studentId":5,"messageDate":"05/23/2016","body":"Test            ","attachment":"","messageId":10}]