[{"qatariId":56,"firstName":"Samira","lastName":"Saghir","mobile":"9999-888","email":"samira@test.com","username":"samira","password":"password","students":[{"studentId":5,"firstName":"Ibn Samira","lastName":"Saghir","dob":"1/2/2007","gender":"M","schoolGrade":6,"teacherId":501},{"studentId":6,"firstName":"Bint Samira","lastName":"Saghir","dob":"1/3/2010","gender":"F","schoolGrade":3,"teacherId":502}]},{"qatariId":34,"firstName":"Abbas","lastName":"Ibn Firnas","mobile":"9999-888","email":"abbas@test.com","username":"abbas","password":"password","students":[{"studentId":3,"firstName":"Ibn Abbas","lastName":"Ibn Firnas","dob":"1/2/2008","gender":"M","schoolGrade":5,"teacherId":501},{"studentId":4,"firstName":"Bint Abbas","lastName":"Ibn Firnas","dob":"1/3/2012","gender":"F","schoolGrade":2,"teacherId":502}]},{"qatariId":"776","firstName":"Abd Elkarim","lastName":"Eradi","mobile":"12345678","email":"Eradi@test.com","username":"eradi","password":"password","students":[{"firstName":"maryam","dob":"2001-04-06","schoolGrade":"5","teacherId":"504","gender":"F","studentId":8,"lastName":"Eradi"}]},{"qatariId":"212","firstName":"Mohamed","lastName":"Abdalaziz","mobile":"12345678","email":"mohamed@test.com","username":"mohamed","password":"password","students":[{"firstName":"Esraa","dob":"1994-08-23","schoolGrade":"12","teacherId":"504","gender":"F","studentId":9,"lastName":"Abdalaziz"}]},{"qatariId":44,"firstName":"Salim","lastName":"Al sarsour","mobile":"9999-888","email":"Salim@test.com","username":"salim","password":"password","students":[{"firstName":"israa","dob":"1993-05-09","schoolGrade":"12","teacherId":"503","gender":"F","studentId":7,"lastName":"Al sarsour"},{"firstName":"salma","dob":"1995-04-23","schoolGrade":"12","teacherId":"502","gender":"F","lastName":"Al sarsour","studentId":10}]},{"qatariId":12,"firstName":"Juha","lastName":"Dahak","mobile":"7777-888","email":"juha@test.com","username":"juha","password":"password","students":[{"studentId":1,"firstName":"Ibn Juha","lastName":"Dahak","dob":"1/1/2009","gender":"M","schoolGrade":4,"teacherId":501},{"firstName":"Bint Juha","lastName":"Dahak","dob":"9/5/1993","gender":"F","schoolGrade":12,"teacherId":502,"studentId":2},{"firstName":"bint juha 2","dob":"1993-05-09","schoolGrade":"12","teacherId":"501","gender":"F","studentId":11,"lastName":"Dahak"}]},{"qatariId":13,"firstName":"zainab","lastName":"saleem","mobile":"7777-888","email":"zainab@test.com","username":"zainab","password":"password","students":[]},{"qatariId":"","firstName":"","lastName":"","mobile":"","email":"","username":"","password":"","students":[]},{"qatariId":"1235","firstName":"Fulan","lastName":"Ibn Fulan","mobile":"34444","email":"test@live.com","username":"","password":"","students":[{"firstName":"Test","dob":"2016-05-18","schoolGrade":"1","teacherId":"502","gender":"M","studentId":12,"lastName":"Ibn Fulan"}]}]