[{"date":"3-4-2016","title":"holiday","body":"next week is holiday"},{"date":"21-4-2016","title":"test","body":"testing will be at the begining of next month"},{"date":"25-4-2016","title":"test","body":"this is testing announcmnet"},{"date":"27-4-2016","title":"announcment","body":"two halaqas was merged today"},{"date":"3-4-2016","title":"prograss","body":"check prograss of student 1 ","studentId":1},{"date":"3-4-2016","title":"prograss","body":"check prograss of student 2 ","studentId":2},{"date":"3-4-2016","title":"prograss","body":"check prograss of student 3 ","studentId":3},{"date":"3-4-2016","title":"prograss","body":"check prograss of student 4 ","studentId":4},{"date":"3-4-2016","title":"prograss","body":"check prograss of student 5 ","studentId":5},{"date":"3-4-2016","title":"prograss","body":"check prograss of student 6 ","studentId":6},{"date":"","title":"","body":"","studentId":""},{"date":"2016-04-27","title":"test msg","body":"this is test msg for student3","studentId":"3"},{"date":"","title":"","body":"","studentId":""},{"date":"2016-04-27","title":"not memorizing well","body":"This is to inform you that your child was not memorizing","studentId":"6"},{"date":"","title":"","body":"","studentId":""},{"date":"","title":"","body":"","studentId":""},{"date":"","title":"","body":"","studentId":""},{"date":"","title":"","body":"","studentId":""},{"date":"","title":"","body":""},{"date":"","title":"","body":""}]