[
  {
    "from": "teacher1@halaqa.org",
    "to": "abbas@test.com",
    "studentId": 3,
    "subject": "Behaviour ",
    "message": "Please talk to your child regarding his behaviour ",
    "date": "29/03/2016",
    "msgId": 1
  },
  {
    "from": "teacher1@halaqa.org",
    "to": "samira@test.com",
    "studentId": 5,
    "subject": "Well done",
    "message": "Your child has been completing all his tasks",
    "date": "09/02/2016",
    "image": "image/trialPic.jpg",
    "msgId": 2
  },
  {
    "from": "teacher2@halaqa.org",
    "to": "juha@test.com",
    "studentId": 2,
    "subject": "Very Good",
    "message": "I'm really pleased with her performance ",
    "date": "15/03/2016",
    "msgId": 3
  },
  {
    "from": "teacher2@halaqa.org",
    "to": "abbas@test.com",
    "studentId": 4,
    "subject": "Absent ",
    "message": "Your child has missed a lot of classes",
    "date": "30/04/2015",
    "msgId": 4
  },
  {
    "from": "teacher2@halaqa.org",
    "to": "samira@test.com",
    "studentId": 6,
    "subject": "Extra work",
    "message": "Extra work has been assigned to your child",
    "date": "26/04/2016",
    "msgId": 5
  },
  {
    "subject": "No Classes ",
    "message": "There will be no classes next week. \nClasses will continue as normal from next week\n",
    "date": "24/03/2016",
    "msgId": 6
  },
  {
    "subject": "Parent Meeting",
    "message": "We invite you to come along with your child on Tuesday to get more information about their progress",
    "date": "29/04/2016",
    "image": "image/anntrial.jpg",
    "msgId": 7
  },
  {
    "from": "teacher1@halaqa.org",
    "to": "juha@test.com",
    "studentId": 1,
    "subject": "Need practice",
    "message": "Please help your child with practising the tasks",
    "date": "29/04/2016",
    "msgId": 8
  },
  {
    "from": "teacher2@halaqa.org",
    "to": "abbas@test.com",
    "studentId": 4,
    "subject": "Well Done ",
    "message": "Your child did well today classes",
    "date": "4/05/2015",
    "msgId": 9
  },
  {
    "from": "teacher1@halaqa.org",
    "to": "juha@test.com",
    "studentId": 1,
    "subject": "Reminder",
    "message": "Please bring a bigger Quran with color coded tajweed",
    "date": "30/04/2016",
    "msgId": 10
  },
  {
    "subject": "Ramadhan Kareem",
    "message": "Ramadhan Kareem everyone!",
    "date": "30/04/2016",
    "msgId": 11
  },
  {
    "from": "teacher1@halaqa.org",
    "to": "juha@test.com",
    "studentId": 1,
    "subject": "Progress",
    "message": "Good work, much better than last time",
    "date": "30/04/2016",
    "msgId": 12
  },
  {
    "subject": "Competiton",
    "message": "Annual competition will be announce next week",
    "date": "30/04/2016",
    "msgId": 13
  }
]