[
  {
      "id": 1,
      "name": "الفاتحة",
      "englishName": "Al-Fatiha",
      "ayaCount": 7
  },
  {
      "id": 2,
      "name": "البقرة",
      "englishName": "Al-Baqara",
      "ayaCount": 286
  },
  {
      "id": 3,
      "name": "آل عمران",
      "englishName": "Aal-e-Imran",
      "ayaCount": 200
  },
  {
      "id": 4,
      "name": "النساء",
      "englishName": "An-Nisa",
      "ayaCount": 176
  },
  {
      "id": 5,
      "name": "المائدة",
      "englishName": "Al-Maeda",
      "ayaCount": 120
  },
  {
      "id": 6,
      "name": "الأنعام",
      "englishName": "Al-Anaam",
      "ayaCount": 165
  },
  {
      "id": 7,
      "name": "الأعراف",
      "englishName": "Al-Araf",
      "ayaCount": 206
  },
  {
      "id": 8,
      "name": "الأنفال",
      "englishName": "Al-Anfal",
      "ayaCount": 75
  },
  {
      "id": 9,
      "name": "التوبة",
      "englishName": "At-Taubah",
      "ayaCount": 129
  },
  {
      "id": 10,
      "name": "يونس",
      "englishName": "Yunus",
      "ayaCount": 109
  },
  {
      "id": 11,
      "name": "هود",
      "englishName": "Hud",
      "ayaCount": 123
  },
  {
      "id": 12,
      "name": "يوسف",
      "englishName": "Yusuf",
      "ayaCount": 111
  },
  {
      "id": 13,
      "name": "الرعد",
      "englishName": "Ar-Rad",
      "ayaCount": 43
  },
  {
      "id": 14,
      "name": "إبراهيم",
      "englishName": "Ibrahim",
      "ayaCount": 52
  },
  {
      "id": 15,
      "name": "الحجر",
      "englishName": "Al-Hijr",
      "ayaCount": 99
  },
  {
      "id": 16,
      "name": "النحل",
      "englishName": "An-Nahl",
      "ayaCount": 128
  },
  {
      "id": 17,
      "name": "الإسراء",
      "englishName": "Al-Isra",
      "ayaCount": 111
  },
  {
      "id": 18,
      "name": "الكهف",
      "englishName": "Al-Kahf",
      "ayaCount": 110
  },
  {
      "id": 19,
      "name": "مريم",
      "englishName": "Maryam",
      "ayaCount": 98
  },
  {
      "id": 20,
      "name": "طه",
      "englishName": "Taha",
      "ayaCount": 135
  },
  {
      "id": 21,
      "name": "الأنبياء",
      "englishName": "Al-Anbiya",
      "ayaCount": 112
  },
  {
      "id": 22,
      "name": "الحج",
      "englishName": "Al-Hajj",
      "ayaCount": 78
  },
  {
      "id": 23,
      "name": "المؤمنون",
      "englishName": "Al-Mumenoon",
      "ayaCount": 118
  },
  {
      "id": 24,
      "name": "النور",
      "englishName": "An-Noor",
      "ayaCount": 64
  },
  {
      "id": 25,
      "name": "الفرقان",
      "englishName": "Al-Furqan",
      "ayaCount": 77
  },
  {
      "id": 26,
      "name": "الشعراء",
      "englishName": "Ash-Shuara",
      "ayaCount": 227
  },
  {
      "id": 27,
      "name": "النمل",
      "englishName": "An-Naml",
      "ayaCount": 93
  },
  {
      "id": 28,
      "name": "القصص",
      "englishName": "Al-Qasas",
      "ayaCount": 88
  },
  {
      "id": 29,
      "name": "العنكبوت",
      "englishName": "Al-Ankaboot",
      "ayaCount": 69
  },
  {
      "id": 30,
      "name": "الروم",
      "englishName": "Ar-Room",
      "ayaCount": 60
  },
  {
      "id": 31,
      "name": "لقمان",
      "englishName": "Luqman",
      "ayaCount": 34
  },
  {
      "id": 32,
      "name": "السجدة",
      "englishName": "As-Sajda",
      "ayaCount": 30
  },
  {
      "id": 33,
      "name": "الأحزاب",
      "englishName": "Al-Ahzab",
      "ayaCount": 73
  },
  {
      "id": 34,
      "name": "سبأ",
      "englishName": "Saba",
      "ayaCount": 54
  },
  {
      "id": 35,
      "name": "فاطر",
      "englishName": "Fatir",
      "ayaCount": 45
  },
  {
      "id": 36,
      "name": "يس",
      "englishName": "Ya Seen",
      "ayaCount": 83
  },
  {
      "id": 37,
      "name": "الصافات",
      "englishName": "As-Saaffat",
      "ayaCount": 182
  },
  {
      "id": 38,
      "name": "ص",
      "englishName": "Sad",
      "ayaCount": 88
  },
  {
      "id": 39,
      "name": "الزمر",
      "englishName": "Az-Zumar",
      "ayaCount": 75
  },
  {
      "id": 40,
      "name": "غافر",
      "englishName": "Ghafir",
      "ayaCount": 85
  },
  {
      "id": 41,
      "name": "فصلت",
      "englishName": "Fussilat",
      "ayaCount": 54
  },
  {
      "id": 42,
      "name": "الشورى",
      "englishName": "Ash-Shura",
      "ayaCount": 53
  },
  {
      "id": 43,
      "name": "الزخرف",
      "englishName": "Az-Zukhruf",
      "ayaCount": 89
  },
  {
      "id": 44,
      "name": "الدخان",
      "englishName": "Ad-Dukhan",
      "ayaCount": 59
  },
  {
      "id": 45,
      "name": "الجاثية",
      "englishName": "Al-Jathiya",
      "ayaCount": 37
  },
  {
      "id": 46,
      "name": "الأحقاف",
      "englishName": "Al-Ahqaf",
      "ayaCount": 35
  },
  {
      "id": 47,
      "name": "محمد",
      "englishName": "Muhammad",
      "ayaCount": 38
  },
  {
      "id": 48,
      "name": "الفتح",
      "englishName": "Al-Fath",
      "ayaCount": 29
  },
  {
      "id": 49,
      "name": "الحجرات",
      "englishName": "Al-Hujraat",
      "ayaCount": 18
  },
  {
      "id": 50,
      "name": "ق",
      "englishName": "Qaf",
      "ayaCount": 45
  },
  {
      "id": 51,
      "name": "الذاريات",
      "englishName": "Adh-Dhariyat",
      "ayaCount": 60
  },
  {
      "id": 52,
      "name": "الطور",
      "englishName": "At-tur",
      "ayaCount": 49
  },
  {
      "id": 53,
      "name": "النجم",
      "englishName": "An-Najm",
      "ayaCount": 62
  },
  {
      "id": 54,
      "name": "القمر",
      "englishName": "Al-Qamar",
      "ayaCount": 55
  },
  {
      "id": 55,
      "name": "الرحمن",
      "englishName": "Al-Rahman",
      "ayaCount": 78
  },
  {
      "id": 56,
      "name": "الواقعة",
      "englishName": "Al-Waqia",
      "ayaCount": 96
  },
  {
      "id": 57,
      "name": "الحديد",
      "englishName": "Al-Hadid",
      "ayaCount": 29
  },
  {
      "id": 58,
      "name": "المجادلة",
      "englishName": "Al-Mujadila",
      "ayaCount": 22
  },
  {
      "id": 59,
      "name": "الحشر",
      "englishName": "Al-Hashr",
      "ayaCount": 24
  },
  {
      "id": 60,
      "name": "الممتحنة",
      "englishName": "Al-Mumtahina",
      "ayaCount": 13
  },
  {
      "id": 61,
      "name": "الصف",
      "englishName": "As-Saff",
      "ayaCount": 14
  },
  {
      "id": 62,
      "name": "الجمعة",
      "englishName": "Al-Jumua",
      "ayaCount": 11
  },
  {
      "id": 63,
      "name": "المنافقون",
      "englishName": "Al-Munafiqoon",
      "ayaCount": 11
  },
  {
      "id": 64,
      "name": "التغابن",
      "englishName": "At-Taghabun",
      "ayaCount": 18
  },
  {
      "id": 65,
      "name": "الطلاق",
      "englishName": "At-Talaq",
      "ayaCount": 12
  },
  {
      "id": 66,
      "name": "التحريم",
      "englishName": "At-Tahrim",
      "ayaCount": 12
  },
  {
      "id": 67,
      "name": "الملك",
      "englishName": "Al-Mulk",
      "ayaCount": 30
  },
  {
      "id": 68,
      "name": "القلم",
      "englishName": "Al-Qalam",
      "ayaCount": 52
  },
  {
      "id": 69,
      "name": "الحاقة",
      "englishName": "Al-Haaqqa",
      "ayaCount": 52
  },
  {
      "id": 70,
      "name": "المعارج",
      "englishName": "Al-Maarij",
      "ayaCount": 44
  },
  {
      "id": 71,
      "name": "نوح",
      "englishName": "Nooh",
      "ayaCount": 28
  },
  {
      "id": 72,
      "name": "الجن",
      "englishName": "Al-Jinn",
      "ayaCount": 28
  },
  {
      "id": 73,
      "name": "المزمل",
      "englishName": "Al-Muzzammil",
      "ayaCount": 20
  },
  {
      "id": 74,
      "name": "المدثر",
      "englishName": "Al-Muddathir",
      "ayaCount": 56
  },
  {
      "id": 75,
      "name": "القيامة",
      "englishName": "Al-Qiyama",
      "ayaCount": 40
  },
  {
      "id": 76,
      "name": "الإنسان",
      "englishName": "Al-Insan",
      "ayaCount": 31
  },
  {
      "id": 77,
      "name": "المرسلات",
      "englishName": "Al-Mursalat",
      "ayaCount": 50
  },
  {
      "id": 78,
      "name": "النبأ",
      "englishName": "An-Naba",
      "ayaCount": 40
  },
  {
      "id": 79,
      "name": "النازعات",
      "englishName": "An-Naziat",
      "ayaCount": 46
  },
  {
      "id": 80,
      "name": "عبس",
      "englishName": "Abasa",
      "ayaCount": 42
  },
  {
      "id": 81,
      "name": "التكوير",
      "englishName": "At-Takwir",
      "ayaCount": 29
  },
  {
      "id": 82,
      "name": "الإنفطار",
      "englishName": "AL-Infitar",
      "ayaCount": 19
  },
  {
      "id": 83,
      "name": "المطففين",
      "englishName": "Al-Mutaffifin",
      "ayaCount": 36
  },
  {
      "id": 84,
      "name": "الانشقاق",
      "englishName": "Al-Inshiqaq",
      "ayaCount": 25
  },
  {
      "id": 85,
      "name": "البروج",
      "englishName": "Al-Burooj",
      "ayaCount": 22
  },
  {
      "id": 86,
      "name": "الطارق",
      "englishName": "At-Tariq",
      "ayaCount": 17
  },
  {
      "id": 87,
      "name": "الأعلى",
      "englishName": "Al-Ala",
      "ayaCount": 19
  },
  {
      "id": 88,
      "name": "الغاشية",
      "englishName": "Al-Ghashiya",
      "ayaCount": 26
  },
  {
      "id": 89,
      "name": "الفجر",
      "englishName": "Al-Fajr",
      "ayaCount": 30
  },
  {
      "id": 90,
      "name": "البلد",
      "englishName": "Al-Balad",
      "ayaCount": 20
  },
  {
      "id": 91,
      "name": "الشمس",
      "englishName": "Ash-Shams",
      "ayaCount": 15
  },
  {
      "id": 92,
      "name": "الليل",
      "englishName": "Al-Lail",
      "ayaCount": 21
  },
  {
      "id": 93,
      "name": "الضحى",
      "englishName": "Ad-Dhuha",
      "ayaCount": 11
  },
  {
      "id": 94,
      "name": "الشرح",
      "englishName": "Al-Inshirah",
      "ayaCount": 8
  },
  {
      "id": 95,
      "name": "التين",
      "englishName": "At-Tin",
      "ayaCount": 8
  },
  {
      "id": 96,
      "name": "العلق",
      "englishName": "Al-Alaq",
      "ayaCount": 19
  },
  {
      "id": 97,
      "name": "القدر",
      "englishName": "Al-Qadr",
      "ayaCount": 5
  },
  {
      "id": 98,
      "name": "البينة",
      "englishName": "Al-Bayyina",
      "ayaCount": 8
  },
  {
      "id": 99,
      "name": "الزلزلة",
      "englishName": "Al-Zalzala",
      "ayaCount": 8
  },
  {
      "id": 100,
      "name": "العاديات",
      "englishName": "Al-Adiyat",
      "ayaCount": 11
  },
  {
      "id": 101,
      "name": "القارعة",
      "englishName": "Al-Qaria",
      "ayaCount": 11
  },
  {
      "id": 102,
      "name": "التكاثر",
      "englishName": "At-Takathur",
      "ayaCount": 8
  },
  {
      "id": 103,
      "name": "العصر",
      "englishName": "Al-Asr",
      "ayaCount": 3
  },
  {
      "id": 104,
      "name": "الهمزة",
      "englishName": "Al-Humaza",
      "ayaCount": 9
  },
  {
      "id": 105,
      "name": "الفيل",
      "englishName": "Al-fil",
      "ayaCount": 5
  },
  {
      "id": 106,
      "name": "قريش",
      "englishName": "Quraish",
      "ayaCount": 4
  },
  {
      "id": 107,
      "name": "الماعون",
      "englishName": "Al-Maun",
      "ayaCount": 7
  },
  {
      "id": 108,
      "name": "الكوثر",
      "englishName": "Al-Kauther",
      "ayaCount": 3
  },
  {
      "id": 109,
      "name": "الكافرون",
      "englishName": "Al-Kafiroon",
      "ayaCount": 6
  },
  {
      "id": 110,
      "name": "النصر",
      "englishName": "An-Nasr",
      "ayaCount": 3
  },
  {
      "id": 111,
      "name": "المسد",
      "englishName": "Al-Masadd",
      "ayaCount": 5
  },
  {
      "id": 112,
      "name": "الإخلاص",
      "englishName": "Al-Ikhlas",
      "ayaCount": 4
  },
  {
      "id": 113,
      "name": "الفلق",
      "englishName": "Al-Falaq",
      "ayaCount": 5
  },
  {
      "id": 114,
      "name": "الناس",
      "englishName": "An-Nas",
      "ayaCount": 6
  }
]