[
  {
    "title": "Trip",
    "body": "Their will be next week a Tajweed workshop for all students, please bring 100QR if you want your student to attend on this workshop",
    "date": "2016-4-27",
    "messageId": 1
  },
  {
    "title": "Spring Break",
    "body": "Please be announced that the next three weeks will be the spring break",
    "date": "2016-4-28",
    "messageId": 2
  },
  {
    "title":" Event for tomorrow",
    "body": "Tomrrow their will be an event hsting by Sheikh Abdul Rahman Al-Sudais",
    "date": "2016-4-28",
    "messageId": 3
  },
  {
    "title": "parent Meeting",
    "body": "Please be announced the on 5th of April ,their will be a parent meeting",
    "date": "2016-4-28",
    "messageId": 4
  },
  {
    "title": "test",
    "body": "test",
    "date": "2016-4-28",
    "messageId": 5
  },
  {
    "title": "test",
    "body": "test",
    "date": "2016-4-28",
    "messageId": 6
  }
]