[
  {
    "messageId": 1,
    "parentId": 1,
    "studentId": 1,
    "title": "behavior",
    "body": "your child showed yestrday a very bad behaviour, your child broke the window!!",
    "date": "24-4-2016",
    "image": "broken-window.jpg"
  },
  {
    "parentId": 1,
    "studentId": 1,
    "messageId": 2,
    "title": "Excellent ",
    "body": "Yesterday your child was the leader of HALQA, Good Job ",
    "date": "24-4-2016",
    "image": "msg3.jpg"
  },
  {
    "parentId": 34,
    "studentId": 4,
    "title": "test",
    "body": "test",
    "date": "2016-3-27",
    "messageId": 3,
    "image": "aaa.jpg"
  },
  {
    "parentId": 56,
    "studentId": 6,
    "title": "test",
    "body": "test",
    "date": "2016-3-27",
    "messageId": 4,
    "image": "aaa.jpg"
  },
  {
    "parentId": 56,
    "studentId": 5,
    "title": "Good news",
    "body": "Students showed a good behaviour and did all tasks on time",
    "date": "2016-4-29",
    "messageId": 5
  },
  {
    "parentId": 12,
    "studentId": 1,
    "title": "Hello",
    "body": "test",
    "date": "2016-4-30",
    "messageId": 6
  }
]