[{"taskId":1,"studentId":1,"surahId":2,"surahName":"Al-Baqara","fromAya":8,"toAya":12,"type":"Memorization","dueDate":"1/04/2016","completedDate":"2/04/2016","masteryLevel":"Excellent","comment":"Excellent work"},{"taskId":15,"studentId":1,"surahId":2,"surahName":"Aal-e-Imran","fromAya":1,"toAya":39,"type":"Memorization","dueDate":"1/04/2016","completedDate":"2/04/2016","masteryLevel":"Poor Memorization","comment":"Please Memorize well!"},{"taskId":2,"studentId":2,"surahId":3,"surahName":"Aal-e-Imran","fromAya":9,"toAya":13,"type":"Revision","dueDate":"1/04/2016","completedDate":"2/04/2016","masteryLevel":"Ok","comment":"Ok work"},{"taskId":4,"studentId":4,"surahId":5,"surahName":"Al-Maeda","fromAya":11,"toAya":15,"type":"Revision","dueDate":"1/04/2016"},{"taskId":5,"studentId":5,"surahId":6,"surahName":"Al-Anaam","fromAya":12,"toAya":16,"type":"Memorization","dueDate":"1/04/2016","completedDate":"2/04/2016","masteryLevel":"Ok","comment":"Ok work"},{"taskId":6,"studentId":6,"surahId":7,"surahName":"Al-Araf","fromAya":13,"toAya":17,"type":"Revision","dueDate":"1/04/2016","completedDate":"2/04/2016","masteryLevel":"Poor","comment":"Poor work"},{"studentId":2,"surahName":"Al-Anfal","fromAya":29,"toAya":75,"type":"Revision","dueDate":"2016-04-29","taskId":8,"completedDate":"2016-04-30","comment":"test","masteryLevel":"test"},{"taskId":10,"studentId":4,"surahId":5,"surahName":"Al-Maeda","fromAya":16,"toAya":20,"type":"Revision","dueDate":"3/04/2016"},{"studentId":6,"surahName":"Al-Araf","fromAya":18,"toAya":22,"dueDate":"2016-04-11","taskId":12},{"studentId":2,"surahName":"Al-Maeda","fromAya":50,"toAya":116,"dueDate":"2016-04-18","taskId":14},{"studentId":1,"surahName":"Al-Baqara","fromAya":5,"toAya":134,"type":"Memorization","dueDate":"2016-04-12","taskId":16,"completedDate":"2016-04-20","comment":"Good job","masteryLevel":"good"},{"studentId":6,"surahName":"Al-Anaam","fromAya":88,"toAya":165,"type":"Revision","dueDate":"2016-04-20","taskId":17},{"studentId":3,"surahName":"Al-Baqara","fromAya":20,"toAya":1,"type":"Memorization","dueDate":"2016-05-18","taskId":18}]