[
  {
    "msgId": 1,
    "subject": "Welcome to Halaqa Metrash",
    "message": "I just wanted to welcome you to this app......",
    "parentId": 12,
    "studentId": 1,
    "studentName": "Ibn Juha Dahak",
    "imageURL": "",
    "type": "message"
  },
  {
    "msgId": 2,
    "subject": "First Announcement",
    "message": "First announcement in the system",
    "imageURL": "http://localhost:9080/uploads/85180100-0d26-11e6-ae4d-e76dc1d7cf93.png",
    "type": "announcement"
  },
  {
    "msgId": 3,
    "subject": "Your son is Excellent",
    "message": "He has done a very well job in his tasks. We are very proud!",
    "parentId": 12,
    "studentId": 1,
    "studentName": "Ibn Juha Dahak",
    "imageURL": "http://localhost:9080/uploads/151aeab0-0d27-11e6-ae4d-e76dc1d7cf93.jpg",
    "type": "message"
  },
  {
    "msgId": 4,
    "subject": "بارك الله فيك",
    "message": "الله يوفقك، تابعي !",
    "parentId": 56,
    "studentId": 6,
    "studentName": "Bint Samira Saghir",
    "imageURL": "http://localhost:9080/uploads/991259c0-0d45-11e6-85ef-b9d0093bd1ec.png",
    "type": "message"
  },
  {
    "msgId": 5,
    "subject": "Good job!",
    "message": "Very well Memorization Masha'ALLAH. Keep it up.",
    "parentId": 34,
    "studentId": 3,
    "studentName": "Ibn Abbas Ibn Firnas",
    "imageURL": "http://localhost:9080/uploads/49494e90-0d4e-11e6-aa79-470eb6974875.png",
    "type": "message"
  },
  {
    "msgId": 6,
    "subject": "Great progress!",
    "message": "Your daughter progress is advancing!",
    "parentId": 34,
    "studentId": 4,
    "studentName": "Bint Abbas Ibn Firnas",
    "imageURL": "http://localhost:9080/uploads/e2bafe60-0e35-11e6-b19c-4997c909d233.jpg",
    "type": "message"
  },
  {
    "msgId": 7,
    "subject": "Keep up!!",
    "message": "Good memorization masha'ALLAH, try to focus on Tajweed more. Keep it up!",
    "parentId": 12,
    "studentId": 1,
    "studentName": "Ibn Juha Dahak",
    "imageURL": "http://localhost:9080/uploads/36185c00-0ebe-11e6-9738-279160730b51.jpg",
    "type": "message"
  },
  {
    "msgId": 8,
    "subject": "Cafeteria open hours",
    "message": "Cafeteria open hours are:\n8AM - 1PM\n4PM - 8PM\nThank you,",
    "imageURL": "http://localhost:9080/uploads/7b735140-0ec5-11e6-aabc-130058bc7721.jpg",
    "type": "announcement"
  },
  {
    "msgId": 9,
    "subject": "Sleeping early",
    "message": "I've noticed that Khalifa always comes tired to class, try to make him sleep early.\nThank you,",
    "parentId": 20,
    "studentId": 8,
    "studentName": "Khalifa Khalid",
    "imageURL": "http://localhost:9080/uploads/0ee0c0b0-0ec7-11e6-aabc-130058bc7721.jpg",
    "type": "message"
  },
  {
    "msgId": 10,
    "subject": "Welcome",
    "message": "Welcome Ali to my class, looking forward to know and teach you!",
    "parentId": 20,
    "studentId": 9,
    "studentName": "Ali Khalid",
    "type": "message"
  },
  {
    "msgId": 11,
    "subject": "Welcome",
    "message": "Welcome to my class bint Samira, hope you enjoy!",
    "parentId": 56,
    "studentId": 6,
    "studentName": "Bint Samira Saghir",
    "type": "message"
  },
  {
    "msgId": 12,
    "subject": "Tasmeea Assistance",
    "message": "Your son is very good but I would really appreciate it if you tried to check his tasks and help him. Thank you,",
    "parentId": 56,
    "studentId": 5,
    "studentName": "Ibn Samira Saghir",
    "imageURL": "http://localhost:9080/uploads/416bf380-0efc-11e6-9e23-e122dbf44c27.jpg",
    "type": "message"
  },
  {
    "msgId": 13,
    "subject": "Very good job",
    "message": "Keep up the good work Ali !",
    "parentId": 20,
    "studentId": 9,
    "studentName": "Ali Khalid",
    "imageURL": "http://localhost:9080/uploads/3ae7e6d0-0efd-11e6-9e23-e122dbf44c27.jpeg",
    "type": "message"
  },
  {
    "msgId": 14,
    "subject": "Check your tasks",
    "message": "You have many pending tasks, please complete them.",
    "parentId": 34,
    "studentId": 4,
    "studentName": "Bint Abbas Ibn Firnas",
    "imageURL": "http://localhost:9080/uploads/8584da90-0efd-11e6-9e23-e122dbf44c27.jpg",
    "type": "message"
  },
  {
    "msgId": 15,
    "subject": "Perfect attendance badge",
    "message": "We would like to announce that Bint Samira Saghir has won the perfect attendance badge. Congratulations!",
    "imageURL": "http://localhost:9080/uploads/c1ff60c0-0efe-11e6-9e23-e122dbf44c27.jpg",
    "type": "announcement"
  },
  {
    "msgId": 16,
    "subject": "Good job",
    "message": "Very good job with your memorization masha'ALLAH.",
    "parentId": 20,
    "studentId": 7,
    "studentName": "Jassim Khalid",
    "imageURL": "http://localhost:9080/uploads/61331260-0f0c-11e6-a67d-274fdbc76c40.jpg",
    "type": "message"
  },
  {
    "msgId": 17,
    "subject": "Well done everyone",
    "message": "Many of our students got first place in Jassim bin Hamad bin Thani Quran Memorization competition, thanks everyone and well done.",
    "imageURL": "http://localhost:9080/uploads/61331260-0f0c-11e6-a67d-274fdbc76c40.jpg",
    "type": "announcement"
  },
  {
]