[{"qatariId":12,"firstName":"Juha","lastName":"Dahak","mobile":"7777-888","email":"juha@test.com","username":"juha","password":"password","students":[{"studentId":1,"firstName":"Ibn Juha","lastName":"Dahak","dob":"1/1/2009","gender":"M","schoolGrade":4,"teacherStaffNo":501,"parentId":12},{"studentId":2,"firstName":"Bint Juha","lastName":"Dahak","dob":"1/5/2011","gender":"F","schoolGrade":2,"teacherStaffNo":502,"parentId":12},{"firstName":"Ibn Juha 2","lastName":"Dahak","dob":"2007-09-05","gender":"male","schoolGrade":4,"teacherStaffNo":503,"studentId":10},{"firstName":"Test","lastName":"Test","dob":"2016-05-04","gender":"male","schoolGrade":4,"teacherStaffNo":501,"studentId":13}]},{"qatariId":34,"firstName":"Abbas","lastName":"Ibn Firnas","mobile":"9999-888","email":"abbas@test.com","username":"abbas","password":"password","students":[{"studentId":3,"firstName":"Ibn Abbas","lastName":"Ibn Firnas","dob":"1/2/2008","gender":"M","schoolGrade":5,"teacherStaffNo":502,"parentId":34},{"studentId":4,"firstName":"Bint Abbas","lastName":"Ibn Firnas","dob":"1/3/2012","gender":"F","schoolGrade":2,"teacherStaffNo":503,"parentId":34}]},{"qatariId":56,"firstName":"Samira","lastName":"Saghir","mobile":"9999-888","email":"samira@test.com","username":"samira","password":"password","students":[{"studentId":5,"firstName":"Ibn Samira","lastName":"Saghir","dob":"1/2/2007","gender":"M","schoolGrade":6,"teacherStaffNo":504,"parentId":56},{"studentId":6,"firstName":"Bint Samira","lastName":"Saghir","dob":"1/3/2010","gender":"F","schoolGrade":3,"teacherStaffNo":503,"parentId":56}]},{"qatariId":20,"firstName":"Khalid","lastName":"Abdulla","mobile":"2455-5555","email":"khalidA@test.com","username":"khalid","password":"password","students":[{"firstName":"Jassim","lastName":"Khalid","dob":"2016-04-13","gender":"male","schoolGrade":4,"studentId":7,"teacherStaffNo":501,"parentId":20},{"firstName":"Khalifa","lastName":"Khalid","dob":"2016-04-11","gender":"male","schoolGrade":2,"studentId":8,"teacherStaffNo":502,"parentId":20},{"firstName":"Ali","lastName":"Khalid","dob":"2016-04-05","gender":"male","schoolGrade":3,"teacherStaffNo":503,"studentId":9,"parentId":20}]},{"qatariId":97,"firstName":"Salim","lastName":"Ahmed","mobile":"6686-6666","email":"salim@test.com","username":"salim","password":"password","students":[{"firstName":"Mohamed","lastName":"Salim","dob":"1999-03-12","gender":"male","schoolGrade":11,"teacherStaffNo":502,"parentId":97,"studentId":10},{"firstName":"Noor","lastName":"Salim","dob":"2007-01-01","gender":"female","schoolGrade":3,"teacherStaffNo":503,"studentId":11}]},{"qatariId":87,"firstName":"Jassim","lastName":"Mohammed","mobile":"8888-9090","email":"jassim@test.com","username":"jassim","password":"password","students":[{"firstName":"Fahad","lastName":"Jassim","dob":"1999-06-16","gender":"male","schoolGrade":11,"teacherStaffNo":504,"parentId":87,"studentId":12}]}]