[{"taskId":1,"studentId":1,"studentName":"Ibn Juha Dahak","surahId":2,"surahName":"Al-Baqara","fromAya":8,"toAya":12,"type":"Memorization","dueDate":"1/04/2016","completedDate":"2016-04-02","masteryLevel":"Excellent","comment":"Excellent work","teacherStaffNo":501},{"taskId":2,"studentId":2,"studentName":"Bint Juha Dahak","surahId":3,"surahName":"Aal-e-Imran","fromAya":9,"toAya":13,"type":"Revision","dueDate":"1/04/2016","completedDate":"2016-04-02","masteryLevel":"Ok","comment":"Ok work","teacherStaffNo":502},{"taskId":3,"studentId":3,"studentName":"Ibn Abbas Ibn Firnas","surahId":4,"surahName":"An-Nisa","fromAya":10,"toAya":14,"type":"Memorization","dueDate":"1/04/2016","completedDate":"2016-04-02","masteryLevel":"Poor","comment":"Poor work","teacherStaffNo":502},{"taskId":4,"studentId":4,"studentName":"Bint Abbas Ibn Firnas","surahId":5,"surahName":"Al-Maeda","fromAya":11,"toAya":15,"type":"Revision","dueDate":"1/04/2016","completedDate":"2016-04-02","masteryLevel":"Excellent","comment":"Excellent work","teacherStaffNo":503},{"taskId":5,"studentId":5,"studentName":"Ibn Samira Saghir","surahId":6,"surahName":"Al-Anaam","fromAya":12,"toAya":16,"type":"Memorization","dueDate":"1/04/2016","completedDate":"2016-04-02","masteryLevel":"Ok","comment":"Ok work","teacherStaffNo":504},{"taskId":6,"studentId":6,"studentName":"Bint Samira Saghir","surahId":7,"surahName":"Al-Araf","fromAya":13,"toAya":17,"type":"Revision","dueDate":"1/04/2016","completedDate":"2016-04-03","masteryLevel":"Poor","comment":"Poor work","teacherStaffNo":503},{"taskId":7,"studentId":1,"studentName":"Ibn Juha Dahak","surahId":2,"surahName":"Al-Baqara","fromAya":13,"toAya":17,"type":"Memorization","dueDate":"2016-04-03","teacherStaffNo":501,"completedDate":"2016-04-06","masteryLevel":"Excellent","comment":"Well done"},{"taskId":9,"studentId":3,"studentName":"Ibn Abbas Ibn Firnas","surahId":4,"surahName":"An-Nisa","fromAya":15,"toAya":19,"type":"Memorization","dueDate":"2016-04-03","teacherStaffNo":502},{"surahId":10,"surahName":"Yunus","studentId":3,"studentName":"Ibn Abbas Ibn Firnas","fromAya":8,"toAya":58,"type":"Revision","dueDate":"2016-04-29","taskId":10,"teacherStaffNo":502},{"taskId":11,"studentId":5,"studentName":"Ibn Samira Saghir","surahId":6,"surahName":"Al-Anaam","fromAya":17,"toAya":21,"type":"Memorization","dueDate":"2016-04-03","teacherStaffNo":504},{"surahId":8,"surahName":"Al-Anfal","studentId":2,"studentName":"Bint Juha Dahak","fromAya":5,"toAya":36,"type":"Revision","dueDate":"2016-04-03","taskId":12,"teacherStaffNo":502},{"surahId":14,"surahName":"Ibrahim","studentId":4,"fromAya":10,"studentName":"Bint Abbas Ibn Firnas","toAya":28,"type":"Revision","dueDate":"2016-04-05","taskId":13,"teacherStaffNo":503},{"surahId":2,"surahName":"Al-Baqara","studentId":4,"studentName":"Bint Abbas Ibn Firnas","fromAya":83,"toAya":162,"type":"Revision","dueDate":"2016-04-22","taskId":14,"teacherStaffNo":503},{"surahId":10,"surahName":"Yunus","studentId":4,"studentName":"Bint Abbas Ibn Firnas","fromAya":20,"toAya":51,"type":"Revision","dueDate":"2016-04-05","taskId":15,"teacherStaffNo":503},{"surahId":8,"surahName":"Al-Anfal","studentId":3,"studentName":"Ibn Abbas Ibn Firnas","fromAya":11,"toAya":49,"type":"Memorization","dueDate":"2016-04-30","taskId":16,"completedDate":"2016-04-30","masteryLevel":"good","comment":"thank you","teacherStaffNo":502},{"surahId":1,"surahName":"Al-Fatiha","studentId":5,"studentName":"Ibn Samira Saghir","fromAya":1,"toAya":7,"type":"Revision","dueDate":"2016-04-30","teacherStaffNo":504,"taskId":19},{"surahId":111,"surahName":"Al-Masadd","studentId":9,"studentName":"Ali Khalid","fromAya":1,"toAya":5,"type":"Memorization","dueDate":"2016-05-01","teacherStaffNo":503,"taskId":20},{"surahId":2,"surahName":"Al-Baqara","studentId":1,"studentName":"Ibn Juha Dahak","fromAya":1,"toAya":11,"type":"Memorization","dueDate":"2016-05-07","teacherStaffNo":501,"taskId":25,"completedDate":"2016-05-23","masteryLevel":"Excellent","comment":"OK"},{"surahId":1,"surahName":"Al-Fatiha","studentId":1,"studentName":"Ibn Juha Dahak","fromAya":1,"toAya":1,"type":"Memorization","dueDate":"2016-05-24","teacherStaffNo":501,"taskId":26}]