[{"announcementTitle":"Smite","announcementType":"competition","announcementBody":" HERE is Athena                ","announcementID":1,"announcementAttatchment":"http://localhost:9090/img/a27c1960-0c14-11e6-ac93-39b67de446d9.jpg","timeStamp":"2016-04-27T01:09:04.638Z"},{"announcementTitle":"smite2","announcementType":"competition","announcementBody":" Here is Merc        ","announcementID":2,"announcementAttatchment":"http://localhost:9090/img/23a65a50-0c15-11e6-873e-c965e16a2c59.jpg","timeStamp":"2016-04-27T01:12:41.340Z"},{"announcementTitle":"smite3","announcementType":"competition","announcementBody":"  Merc AGain              ","announcementID":3,"announcementAttatchment":"http://localhost:9090/img/449d1d60-0c16-11e6-86c7-555d14f70b43.jpg","timeStamp":"2016-04-27T01:20:46.141Z"},{"announcementTitle":"123","announcementType":"competition","announcementBody":"1231231","announcementID":4,"announcementAttatchment":"http://localhost:9090/img/d3c85b30-0c57-11e6-9035-a775593f4972.jpg","timeStamp":"2016-04-27T09:10:03.628Z"},{"announcementTitle":"Yousef","announcementType":"competition","announcementBody":"smite               ","announcementID":5,"announcementAttatchment":"http://localhost:9090/img/d87ff330-0c80-11e6-bcd6-77c3e5492db3.jpg","timeStamp":"2016-04-27T14:03:40.910Z"},{"announcementTitle":"Yousef","announcementType":"competition","announcementBody":"smite               ","announcementID":6,"announcementAttatchment":"http://localhost:9090/img/da3ae9a0-0c80-11e6-bcd6-77c3e5492db3.jpg","timeStamp":"2016-04-27T14:03:43.805Z"},{"announcementTitle":"Welcome","announcementType":"competition","announcementBody":"Test me                ","announcementID":7,"announcementAttatchment":"http://localhost:9090/img/dd854db0-22fd-11e6-bd0f-6361b07ddc6e.jpg","timeStamp":"2016-05-26T04:54:02.001Z"},{"announcementTitle":"Welcome","announcementType":"competition","announcementBody":"Test me                ","announcementID":8,"announcementAttatchment":"http://localhost:9090/img/e4f99150-22fd-11e6-bd0f-6361b07ddc6e.jpg","timeStamp":"2016-05-26T04:54:14.503Z"},{"announcementTitle":"Welcome","announcementType":"competition","announcementBody":"Test me                ","announcementID":9,"announcementAttatchment":"http://localhost:9090/img/e5f0e9a0-22fd-11e6-bd0f-6361b07ddc6e.jpg","timeStamp":"2016-05-26T04:54:16.125Z"},{"announcementTitle":"Welcome","announcementType":"competition","announcementBody":"Test me                ","announcementID":10,"announcementAttatchment":"http://localhost:9090/img/e641efd0-22fd-11e6-bd0f-6361b07ddc6e.jpg","timeStamp":"2016-05-26T04:54:16.657Z"}]