[{"instructorId":1,"messageId":1,"studentId":1,"subject":"YO","content":"visit us urgent!","timeStamp":"2016-04-24T17:01:00.074Z","attachment":""},{"instructorId":2,"messageId":2,"studentId":2,"subject":"looooll","content":"pay us now tahfeez is not free here okay?","timeStamp":"2016-04-24T17:02:00.074Z","attachment":""},{"instructorId":1,"messageId":3,"studentId":1,"subject":"moiiii","content":"visit us urgent!","timeStamp":"2016-04-24T17:01:00.074Z","attachment":""},{"instructorId":2,"messageId":4,"studentId":2,"subject":"meehhh","content":"pay us now tahfeez is not free here okay?","timeStamp":"2016-04-24T17:02:00.074Z","attachment":""},{"instructorId":501,"studentId":1,"subject":"loool","content":"s;azfjks;odf                ","messageId":5,"attachment":"http://localhost:9090/img/4c6d2c60-0d65-11e6-9732-4dd3cb00e3e9.jpeg","timeStamp":"2016-04-28T17:19:00.652Z"},{"instructorId":501,"studentId":1,"subject":"Test","content":"Test    ","messageId":6,"attachment":"http://localhost:9090/img/fb770e20-22fe-11e6-bd0f-6361b07ddc6e.jpg","timeStamp":"2016-05-26T05:02:01.736Z"},{"instructorId":501,"studentId":1,"subject":"Test 123","content":"Test  123         ","messageId":7,"attachment":"http://localhost:9090/img/99ec1690-22ff-11e6-bd0f-6361b07ddc6e.jpg","timeStamp":"2016-05-26T05:06:27.585Z"}]