[{"qatariId":12,"firstName":"Juha","lastName":"Dahak","mobile":"7777-888","email":"juha@test.com","username":"juha","password":"password","students":[{"studentId":1,"firstName":"Ibn Juha","lastName":"Dahak","dob":"1/1/2009","gender":"M","schoolGrade":4},{"studentId":2,"firstName":"Bint Juha","lastName":"Dahak","dob":"1/5/2011","gender":"F","schoolGrade":2},{"firstName":"Test","lastName":"Test","dob":"2016-05-04","gender":"M","schoolGrade":"7","studentId":9}]},{"qatariId":34,"firstName":"Abbas","lastName":"Ibn Firnas","mobile":"9999-888","email":"abbas@test.com","username":"abbas","password":"password","students":[{"studentId":3,"firstName":"Ibn Abbas","lastName":"Ibn Firnas","dob":"1/2/2008","gender":"M","schoolGrade":5},{"studentId":4,"firstName":"Bint Abbas","lastName":"Ibn Firnas","dob":"1/3/2012","gender":"F","schoolGrade":2}]},{"qatariId":56,"firstName":"Samira","lastName":"Saghir","mobile":"9999-888","email":"samira@test.com","username":"samira","password":"password","students":[{"studentId":5,"firstName":"Ibn Samira","lastName":"Saghir","dob":"1/2/2007","gender":"M","schoolGrade":6},{"studentId":6,"firstName":"Bint Samira","lastName":"Saghir","dob":"1/3/2010","gender":"F","schoolGrade":3}]},{"qatariId":"19203","firstName":"Ammar","lastName":"Nofal","mobile":"33365336","email":"aynofal@gmail.com","username":"aynofal","countryOfOrigin$":"Egypt","password":"password","students":[{"firstName":"Ibn","lastName":"Nofal","dob":"2005-03-02","gender":"M","schoolGrade":"3","studentId":7},{"firstName":"Bint","lastName":"Nofal","dob":"2013-06-12","gender":"F","schoolGrade":"1","studentId":8}]},{"qatariId":"8312373","firstName":"Test","lastName":"Test","mobile":"344243","email":"4234234","username":"coordinator2","countryOfOrigin$":"Test","password":"password","students":[]}]