[
  {
    "id": 1,
    "title": "announcement 1",
    "text": "text 1",
    "date": "4/20/2016",
    "image": "image1.png"
  },
  {
    "id": 2,
    "title": "announcement 2",
    "text": "text 2",
    "date": "4/20/2016",
    "image": "image1.png"
  },
  {
    "id": 3,
    "title": "announcement 3",
    "text": "text 3",
    "date": "4/20/2016",
    "image": "image1.png"
  },
  {
    "title": "testing adding new announcement",
    "text": "        added successfully...",
    "date": "2016-04-28",
    "image": "910.jpg",
    "id": 4
  }
]