[
  {
    "id": 1,
    "studentId": 1,
    "title": "message 1",
    "text": "text 1",
    "date": "4/20/2016",
    "image": "image2.png"
  },
  {
    "id": 2,
    "studentId": 2,
    "title": "message 2",
    "text": "text 2",
    "date": "4/20/2016",
    "image": "image2.png"
  },
  {
    "studentId": 1,
    "title": "New Message to \"Ibn Juha Dahak\"",
    "text": "This is the new message text which will be sent to Ibn Juha Dahak's parent.",
    "date": "2016-04-28",
    "image": "q10.gif",
    "id": 3
  }
]