[{"qatariId":12,"firstName":"Juha","lastName":"Dahak","mobile":"7777-888","email":"juha@test.com","username":"juha","password":"password","students":[{"studentId":1,"firstName":"Ibn Juha","lastName":"Dahak","dob":"1/1/2009","gender":"M","schoolGrade":4,"teacherId":501},{"studentId":2,"firstName":"Bint Juha","lastName":"Dahak","dob":"1/5/2011","gender":"F","schoolGrade":2,"teacherId":502}]},{"qatariId":34,"firstName":"Abbas","lastName":"Ibn Firnas","mobile":"9999-888","email":"abbas@test.com","username":"abbas","password":"password","students":[{"studentId":3,"firstName":"Ibn Abbas","lastName":"Ibn Firnas","dob":"1/2/2008","gender":"M","schoolGrade":5,"teacherId":501},{"studentId":4,"firstName":"Bint Abbas","lastName":"Ibn Firnas","dob":"1/3/2012","gender":"F","schoolGrade":2,"teacherId":502}]},{"qatariId":56,"firstName":"Samira","lastName":"Saghir","mobile":"9999-888","email":"samira@test.com","username":"samira","password":"password","students":[{"studentId":5,"firstName":"Ibn Samira","lastName":"Saghir","dob":"1/2/2007","gender":"M","schoolGrade":6,"teacherId":501},{"studentId":6,"firstName":"Bint Samira","lastName":"Saghir","dob":"1/3/2010","gender":"F","schoolGrade":3,"teacherId":502},{"firstName":"Bint Samira","lastName":"Saghir","dob":"2009-12-09","gender":"F","schoolGrade":"4","teacherId":"503","studentId":8}]},{"qatariId":69,"firstName":"Antarah","lastName":"ibn Shadad","mobile":"4444-5555","email":"antarahMail@mail.com","username":"antarah","password":"password","students":[{"firstName":"ibn Antarah","lastName":"ibn Shadad","dob":"2011-07-14","gender":"M","schoolGrade":4,"teacherId":504,"studentId":7}]},{"qatariId":12345678,"firstName":"Hilel","lastName":"Barkallah","mobile":"3456-7890","email":"name@fghj.com","username":"hilel","password":"password","students":[{"firstName":"yassmine","lastName":"bar","dob":"1993-05-30","gender":"F","schoolGrade":4,"teacherId":501,"studentId":9}]},{"qatariId":null,"firstName":"","lastName":"","mobile":"","email":"","username":"coordinator","password":"password","students":[{"firstName":"","lastName":"","dob":"","gender":"M","schoolGrade":null,"teacherId":501,"studentId":10}]}]