[
  {
    "messageId": 1,
    "senderName": "coordinator",
    "title": "Eid",
    "body": "Happy Eid to all",
    "attach": ""
   },
  {
    "messageId": 2,
    "senderName": "coordinator",
    "title": "open day",
    "body": "Dar all, tomorrow we will have an open day, Have fun! ",
    "attach": ""
  },
  {
    "messageId": 3,
    "senderName": "coordinator",
    "title": "System is closed for maintenance",
    "body": "The System will be closed for maintenance today at 04:00PM ",
    "attach": ""
  }
]