[
  {
    "messageId": 1,
    "studentId":1,
    "senderName": "teacher1",
    "receiverName": "Ibn Juha",
    "title": "Hello",
    "body": "such an excellent student ",
    "attach": ""
  },
  {
    "messageId": 2,
    "studentId":2,
    "senderName": "teacher2",
    "receiverName": "Bint Juha",
    "title": "qq",
    "body": "qq",
    "attach": ""
  },
  {
    "messageId": 3,
    "studentId":3,
    "senderName": "teacher1",
    "receiverName": "Ibn Abbas",
    "title": "ww",
    "body": "ww",
    "attach": ""
  },
  {
    "messageId": 4,
    "studentId":4,
    "senderName": "teacher2",
    "receiverName": "Bint Abbas",
    "title": "uu",
    "body": "uuuu",
    "attach": ""
  }
]