[{"aId":1,"title":"Rgister now !!","message":"tomorrow will be the first day to regeister Quraan's Competetion"},{"title":"winner Annoucenment","message":"Ibn Juha win the Quraan Competetion.congratulations","aId":2},{"title":"Summer Registration","message":"next may will begin summer registration","aId":3},{"title":"Welcome","message":"every parent is invited next Monday ","aId":4},{"title":"Hello","message":"checking using postman tool","aId":5},{"title":"Hello","message":"Tomorrow no classes for Teacher 2 ","aId":6},{"title":"Test","message":"Test","aId":7},{"title":"Test","message":"Test","aId":8},{"title":"Test","message":"Test","aId":9}]