[{"studentId":1,"teacherId":501,"title":"Ibn Juha","message":"Ibn juha is a very good student","messageId":1},{"studentId":1,"teacherId":501,"title":"hello","message":"I need your child Information","messageId":2},{"studentId":5,"teacherId":501,"title":"Urgent","message":"your child need a lot of practice in home ","messageId":3},{"studentId":1,"teacherId":501,"title":"Ibn Juha","message":"Hellllo","messageId":4},{"studentId":3,"teacherId":501,"title":"Test","message":"Test","messageId":5},{"studentId":1,"teacherId":501,"title":"Test me","message":"Test m3","messageId":6}]