[{"qatariId":12,"firstName":"Juha","lastName":"Dahak","mobile":"7777-888","email":"juha@test.com","username":"juha","password":"password","students":[{"studentId":1,"firstName":"Ibn Juha","lastName":"Dahak","dob":"1/1/2009","gender":"M","schoolGrade":4,"teacherId":501},{"studentId":2,"firstName":"Bint Juha","lastName":"Dahak","dob":"1/5/2011","gender":"F","schoolGrade":2,"teacherId":502}]},{"qatariId":34,"firstName":"Abbas","lastName":"Ibn Firnas","mobile":"9999-888","email":"abbas@test.com","username":"abbas","password":"password","students":[{"studentId":3,"firstName":"Ibn Abbas","lastName":"Ibn Firnas","dob":"1/2/2008","gender":"M","schoolGrade":5,"teacherId":501},{"studentId":4,"firstName":"Bint Abbas","lastName":"Ibn Firnas","dob":"1/3/2012","gender":"F","schoolGrade":2,"teacherId":502}]},{"qatariId":56,"firstName":"Samira","lastName":"Saghir","mobile":"9999-888","email":"samira@test.com","username":"samira","password":"password","students":[{"studentId":5,"firstName":"Ibn Samira","lastName":"Saghir","dob":"1/2/2007","gender":"M","schoolGrade":6,"teacherId":501},{"studentId":6,"firstName":"Bint Samira","lastName":"Saghir","dob":"1/3/2010","gender":"F","schoolGrade":3,"teacherId":502}]},{"qatariId":"300","firstName":"Adel","lastName":"Abumoza","mobile":"5555-0293","email":"adel@abc.com","username":"adel","password":"password","students":[{"firstName":"Dana","lastName":"Abumoza","dob":"2004-11-16","gender":"F","schoolGrade":"6","teacherId":"502","studentId":7},{"firstName":"Mohammed","lastName":"Abumoza","dob":"2007-07-24","gender":"M","schoolGrade":"5","teacherId":"504","studentId":8}]},{"qatariId":12,"firstName":"Khlid","lastName":"almarzooqi","mobile":"2222-1111","email":"Khlid@test.com","username":"khlid","password":"password","students":[{"firstName":"Ibn khalid","lastName":"almarzooqi","dob":"1/1/2009","gender":"M","schoolGrade":4,"teacherId":501,"studentId":9},{"firstName":"Bint khalid","lastName":"almarzooqi","dob":"1/5/2011","gender":"F","schoolGrade":2,"teacherId":502,"studentId":10}]},{"qatariId":"","firstName":"","lastName":"","mobile":"","email":"","username":"coordinator","password":"password","students":[{"firstName":"","lastName":"","dob":"","gender":"F","schoolGrade":"","teacherId":"","studentId":11}]}]