[{"content":"hello world announcement","from":"coordinator","to":"all","date":"29/04/2016","id":1},{"content":"hello world announcement 2","from":"coordinator","to":"all","date":"29/04/2016","id":2},{"content":"hello","from":"teacher1","to":"abbas","date":"30/04/2016","id":3},{"content":"Test","from":"teacher1","to":"juha","date":"23/05/2016","id":4},{"content":"Test","from":"coordinator","to":"all","date":"23/05/2016","id":5},{"content":"Test","from":"coordinator","to":"all","date":"23/05/2016","id":6},{"content":"Test","from":"teacher1","to":"juha","date":"23/05/2016","id":7}]